{
	"pattrstorage" : 	{
		"name" : "states",
		"slots" : 		{
			"1" : 			{
				"id" : 1,
				"data" : 				{
					"randomStart" : [ 0.0 ],
					"randomPitch" : [ 0.0 ],
					"density" : [ 14.115736007690431 ],
					"grainDuration" : [ 102.316322326660128 ],
					"grooveGain" : [ -6.129173278808594 ],
					"granulatorGain" : [ 0 ]
				}

			}
,
			"2" : 			{
				"id" : 2,
				"data" : 				{
					"randomStart" : [ 142.848281860351562 ],
					"randomPitch" : [ 0.0 ],
					"density" : [ 22.239248275756854 ],
					"grainDuration" : [ 180.340133666992188 ],
					"grooveGain" : [ -14.496880531311035 ],
					"granulatorGain" : [ 94 ]
				}

			}
,
			"3" : 			{
				"id" : 3,
				"data" : 				{
					"randomStart" : [ 696.633361816406136 ],
					"randomPitch" : [ 0.227850452065468 ],
					"density" : [ 7.685702800750736 ],
					"grainDuration" : [ 64.524024963378906 ],
					"grooveGain" : [ -47.177413940429688 ],
					"granulatorGain" : [ 76 ]
				}

			}

		}

	}

}
